,file,category,prediction
0,data_11-whitespace-aug/val/iv/D-539.png,iv,iv
1,data_11-whitespace-aug/val/iv/D-535.png,iv,iv
2,data_11-whitespace-aug/val/iv/D-548.png,iv,iv
3,data_11-whitespace-aug/val/iv/D-571.png,iv,iv
4,data_11-whitespace-aug/val/iv/D-513.png,iv,iv
5,data_11-whitespace-aug/val/iv/D-506.png,iv,iv
6,data_11-whitespace-aug/val/iv/D-542.png,iv,iv
7,data_11-whitespace-aug/val/iv/D-552.png,iv,iv
8,data_11-whitespace-aug/val/iv/D-522.png,iv,iv
9,data_11-whitespace-aug/val/iv/D-556.png,iv,iv
10,data_11-whitespace-aug/val/iv/D-557.png,iv,iv
11,data_11-whitespace-aug/val/iv/D-551.png,iv,iv
12,data_11-whitespace-aug/val/iv/D-562.png,iv,iv
13,data_11-whitespace-aug/val/iv/D-517.png,iv,iv
14,data_11-whitespace-aug/val/iv/D-523.png,iv,iv
15,data_11-whitespace-aug/val/iv/D-584.png,iv,ii
16,data_11-whitespace-aug/val/iv/D-520.png,iv,iv
17,data_11-whitespace-aug/val/iv/D-532.png,iv,iv
18,data_11-whitespace-aug/val/iv/D-505.png,iv,iv
19,data_11-whitespace-aug/val/iv/D-538.png,iv,iv
20,data_11-whitespace-aug/val/iv/D-531.png,iv,iv
21,data_11-whitespace-aug/val/iv/D-512.png,iv,iv
22,data_11-whitespace-aug/val/iv/D-569.png,iv,iv
23,data_11-whitespace-aug/val/iv/D-546.png,iv,iv
24,data_11-whitespace-aug/val/iv/D-567.png,iv,iv
25,data_11-whitespace-aug/val/iv/D-574.png,iv,iv
26,data_11-whitespace-aug/val/iv/D-582.png,iv,iv
27,data_11-whitespace-aug/val/iv/D-529.png,iv,iv
28,data_11-whitespace-aug/val/iv/D-515.png,iv,ix
29,data_11-whitespace-aug/val/iv/D-579.png,iv,iv
30,data_11-whitespace-aug/val/iv/D-563.png,iv,iv
31,data_11-whitespace-aug/val/iv/D-541.png,iv,ix
32,data_11-whitespace-aug/val/iv/D-545.png,iv,iv
33,data_11-whitespace-aug/val/iv/D-533.png,iv,iv
34,data_11-whitespace-aug/val/iv/D-550.png,iv,iv
35,data_11-whitespace-aug/val/iv/D-559.png,iv,iv
36,data_11-whitespace-aug/val/iv/D-536.png,iv,iii
37,data_11-whitespace-aug/val/iv/D-510.png,iv,iv
38,data_11-whitespace-aug/val/iv/D-530.png,iv,iv
39,data_11-whitespace-aug/val/iv/D-534.png,iv,ii
40,data_11-whitespace-aug/val/iv/D-544.png,iv,iv
41,data_11-whitespace-aug/val/iv/D-570.png,iv,iv
42,data_11-whitespace-aug/val/iv/D-502.png,iv,iv
43,data_11-whitespace-aug/val/iv/D-565.png,iv,iv
44,data_11-whitespace-aug/val/iv/I-514.png,iv,iv
45,data_11-whitespace-aug/val/iv/D-540.png,iv,iv
46,data_11-whitespace-aug/val/iv/D-577.png,iv,iv
47,data_11-whitespace-aug/val/iv/D-509.png,iv,iv
48,data_11-whitespace-aug/val/iv/D-527.png,iv,iv
49,data_11-whitespace-aug/val/iv/D-568.png,iv,iv
50,data_11-whitespace-aug/val/iv/D-576.png,iv,iv
51,data_11-whitespace-aug/val/iv/D-519.png,iv,iv
52,data_11-whitespace-aug/val/iv/D-543.png,iv,iv
53,data_11-whitespace-aug/val/iv/D-537.png,iv,ix
54,data_11-whitespace-aug/val/iv/D-521.png,iv,iv
55,data_11-whitespace-aug/val/iv/D-555.png,iv,iv
56,data_11-whitespace-aug/val/iv/D-581.png,iv,iv
57,data_11-whitespace-aug/val/iv/D-524.png,iv,iv
58,data_11-whitespace-aug/val/iv/D-580.png,iv,iv
59,data_11-whitespace-aug/val/iv/D-526.png,iv,iv
60,data_11-whitespace-aug/val/iv/D-525.png,iv,ix
61,data_11-whitespace-aug/val/iv/D-528.png,iv,iv
62,data_11-whitespace-aug/val/iv/D-549.png,iv,iv
63,data_11-whitespace-aug/val/iv/D-553.png,iv,iv
64,data_11-whitespace-aug/val/iv/D-560.png,iv,iv
65,data_11-whitespace-aug/val/iv/E-540.png,iv,v
66,data_11-whitespace-aug/val/iv/D-583.png,iv,iv
67,data_11-whitespace-aug/val/iv/D-503.png,iv,iv
68,data_11-whitespace-aug/val/iv/D-561.png,iv,iv
69,data_11-whitespace-aug/val/iv/D-547.png,iv,iv
70,data_11-whitespace-aug/val/iv/D-575.png,iv,iv
71,data_11-whitespace-aug/val/iv/D-508.png,iv,iv
72,data_11-whitespace-aug/val/iv/D-501.png,iv,iv
73,data_11-whitespace-aug/val/iv/D-516.png,iv,iv
74,data_11-whitespace-aug/val/iv/D-566.png,iv,iv
75,data_11-whitespace-aug/val/iv/D-511.png,iv,iv
76,data_11-whitespace-aug/val/iv/D-573.png,iv,iv
77,data_11-whitespace-aug/val/iv/F-533.png,iv,iv
78,data_11-whitespace-aug/val/iv/D-572.png,iv,iv
79,data_11-whitespace-aug/val/iv/D-564.png,iv,iv
80,data_11-whitespace-aug/val/iv/D-554.png,iv,iv
81,data_11-whitespace-aug/val/iv/D-518.png,iv,iv
82,data_11-whitespace-aug/val/iv/D-514.png,iv,iv
83,data_11-whitespace-aug/val/iv/D-504.png,iv,iv
84,data_11-whitespace-aug/val/v/E-567.png,v,v
85,data_11-whitespace-aug/val/v/E-513.png,v,v
86,data_11-whitespace-aug/val/v/E-555.png,v,v
87,data_11-whitespace-aug/val/v/E-515.png,v,v
88,data_11-whitespace-aug/val/v/E-581.png,v,v
89,data_11-whitespace-aug/val/v/E-537.png,v,v
90,data_11-whitespace-aug/val/v/E-545.png,v,v
91,data_11-whitespace-aug/val/v/E-572.png,v,v
92,data_11-whitespace-aug/val/v/E-520.png,v,v
93,data_11-whitespace-aug/val/v/E-528.png,v,v
94,data_11-whitespace-aug/val/v/E-526.png,v,v
95,data_11-whitespace-aug/val/v/E-548.png,v,v
96,data_11-whitespace-aug/val/v/E-577.png,v,x
97,data_11-whitespace-aug/val/v/E-544.png,v,v
98,data_11-whitespace-aug/val/v/E-524.png,v,v
99,data_11-whitespace-aug/val/v/E-514.png,v,v
100,data_11-whitespace-aug/val/v/E-571.png,v,v
101,data_11-whitespace-aug/val/v/E-504.png,v,v
102,data_11-whitespace-aug/val/v/E-521.png,v,v
103,data_11-whitespace-aug/val/v/E-578.png,v,v
104,data_11-whitespace-aug/val/v/E-516.png,v,v
105,data_11-whitespace-aug/val/v/E-501.png,v,v
106,data_11-whitespace-aug/val/v/E-583.png,v,v
107,data_11-whitespace-aug/val/v/E-565.png,v,v
108,data_11-whitespace-aug/val/v/E-557.png,v,v
109,data_11-whitespace-aug/val/v/E-558.png,v,v
110,data_11-whitespace-aug/val/v/E-547.png,v,v
111,data_11-whitespace-aug/val/v/E-512.png,v,v
112,data_11-whitespace-aug/val/v/E-505.png,v,v
113,data_11-whitespace-aug/val/v/E-554.png,v,v
114,data_11-whitespace-aug/val/v/E-519.png,v,v
115,data_11-whitespace-aug/val/v/E-556.png,v,v
116,data_11-whitespace-aug/val/v/E-510.png,v,v
117,data_11-whitespace-aug/val/v/E-523.png,v,v
118,data_11-whitespace-aug/val/v/E-531.png,v,v
119,data_11-whitespace-aug/val/v/E-580.png,v,v
120,data_11-whitespace-aug/val/v/E-576.png,v,v
121,data_11-whitespace-aug/val/v/E-563.png,v,v
122,data_11-whitespace-aug/val/v/E-506.png,v,v
123,data_11-whitespace-aug/val/v/E-582.png,v,v
124,data_11-whitespace-aug/val/v/E-518.png,v,v
125,data_11-whitespace-aug/val/v/E-536.png,v,v
126,data_11-whitespace-aug/val/v/E-530.png,v,v
127,data_11-whitespace-aug/val/v/E-509.png,v,v
128,data_11-whitespace-aug/val/v/E-502.png,v,v
129,data_11-whitespace-aug/val/v/E-570.png,v,v
130,data_11-whitespace-aug/val/v/E-564.png,v,v
131,data_11-whitespace-aug/val/v/E-546.png,v,v
132,data_11-whitespace-aug/val/v/E-534.png,v,v
133,data_11-whitespace-aug/val/v/E-527.png,v,v
134,data_11-whitespace-aug/val/v/E-508.png,v,v
135,data_11-whitespace-aug/val/v/E-538.png,v,v
136,data_11-whitespace-aug/val/v/E-533.png,v,v
137,data_11-whitespace-aug/val/v/E-549.png,v,v
138,data_11-whitespace-aug/val/v/E-529.png,v,v
139,data_11-whitespace-aug/val/v/E-539.png,v,v
140,data_11-whitespace-aug/val/v/E-535.png,v,v
141,data_11-whitespace-aug/val/v/E-560.png,v,v
142,data_11-whitespace-aug/val/v/E-566.png,v,v
143,data_11-whitespace-aug/val/v/E-552.png,v,v
144,data_11-whitespace-aug/val/v/E-551.png,v,v
145,data_11-whitespace-aug/val/v/E-541.png,v,v
146,data_11-whitespace-aug/val/v/E-543.png,v,v
147,data_11-whitespace-aug/val/v/E-550.png,v,v
148,data_11-whitespace-aug/val/v/E-561.png,v,v
149,data_11-whitespace-aug/val/v/E-511.png,v,v
150,data_11-whitespace-aug/val/v/E-507.png,v,v
151,data_11-whitespace-aug/val/v/E-542.png,v,v
152,data_11-whitespace-aug/val/v/E-522.png,v,v
153,data_11-whitespace-aug/val/v/E-568.png,v,v
154,data_11-whitespace-aug/val/v/E-553.png,v,v
155,data_11-whitespace-aug/val/v/E-559.png,v,v
156,data_11-whitespace-aug/val/v/E-569.png,v,v
157,data_11-whitespace-aug/val/v/E-574.png,v,v
158,data_11-whitespace-aug/val/v/E-579.png,v,v
159,data_11-whitespace-aug/val/v/E-503.png,v,v
160,data_11-whitespace-aug/val/v/E-562.png,v,v
161,data_11-whitespace-aug/val/v/E-573.png,v,v
162,data_11-whitespace-aug/val/ii/B-522.png,ii,ii
163,data_11-whitespace-aug/val/ii/B-569.png,ii,ii
164,data_11-whitespace-aug/val/ii/B-520.png,ii,ii
165,data_11-whitespace-aug/val/ii/B-562.png,ii,ii
166,data_11-whitespace-aug/val/ii/E-575.png,ii,ii
167,data_11-whitespace-aug/val/ii/B-502.png,ii,ii
168,data_11-whitespace-aug/val/ii/B-538.png,ii,i
169,data_11-whitespace-aug/val/ii/B-545.png,ii,ii
170,data_11-whitespace-aug/val/ii/B-525.png,ii,vi
171,data_11-whitespace-aug/val/ii/B-577.png,ii,ii
172,data_11-whitespace-aug/val/ii/B-570.png,ii,ii
173,data_11-whitespace-aug/val/ii/B-553.png,ii,ii
174,data_11-whitespace-aug/val/ii/B-559.png,ii,ii
175,data_11-whitespace-aug/val/ii/B-541.png,ii,iii
176,data_11-whitespace-aug/val/ii/B-517.png,ii,iii
177,data_11-whitespace-aug/val/ii/B-511.png,ii,ii
178,data_11-whitespace-aug/val/ii/B-534.png,ii,ii
179,data_11-whitespace-aug/val/ii/B-533.png,ii,i
180,data_11-whitespace-aug/val/ii/B-510.png,ii,ii
181,data_11-whitespace-aug/val/ii/B-578.png,ii,ii
182,data_11-whitespace-aug/val/ii/B-549.png,ii,ii
183,data_11-whitespace-aug/val/ii/B-503.png,ii,ii
184,data_11-whitespace-aug/val/ii/B-558.png,ii,ii
185,data_11-whitespace-aug/val/ii/B-573.png,ii,ii
186,data_11-whitespace-aug/val/ii/B-550.png,ii,ii
187,data_11-whitespace-aug/val/ii/B-575.png,ii,ii
188,data_11-whitespace-aug/val/ii/B-519.png,ii,ii
189,data_11-whitespace-aug/val/ii/B-527.png,ii,ii
190,data_11-whitespace-aug/val/ii/E-525.png,ii,ii
191,data_11-whitespace-aug/val/ii/B-532.png,ii,ii
192,data_11-whitespace-aug/val/ii/B-507.png,ii,ii
193,data_11-whitespace-aug/val/ii/B-581.png,ii,ii
194,data_11-whitespace-aug/val/ii/B-514.png,ii,ii
195,data_11-whitespace-aug/val/ii/B-513.png,ii,i
196,data_11-whitespace-aug/val/ii/B-546.png,ii,ii
197,data_11-whitespace-aug/val/ii/B-571.png,ii,ii
198,data_11-whitespace-aug/val/ii/B-528.png,ii,ii
199,data_11-whitespace-aug/val/ii/B-544.png,ii,ii
200,data_11-whitespace-aug/val/ii/B-547.png,ii,ii
201,data_11-whitespace-aug/val/ii/B-505.png,ii,ii
202,data_11-whitespace-aug/val/ii/B-566.png,ii,ii
203,data_11-whitespace-aug/val/ii/B-537.png,ii,ii
204,data_11-whitespace-aug/val/ii/B-529.png,ii,ii
205,data_11-whitespace-aug/val/ii/B-524.png,ii,ii
206,data_11-whitespace-aug/val/ii/B-574.png,ii,ii
207,data_11-whitespace-aug/val/ii/B-535.png,ii,vi
208,data_11-whitespace-aug/val/ii/B-551.png,ii,ii
209,data_11-whitespace-aug/val/ii/B-572.png,ii,ii
210,data_11-whitespace-aug/val/ii/B-515.png,ii,ii
211,data_11-whitespace-aug/val/ii/B-509.png,ii,ii
212,data_11-whitespace-aug/val/ii/B-542.png,ii,ii
213,data_11-whitespace-aug/val/ii/B-512.png,ii,ii
214,data_11-whitespace-aug/val/ii/B-526.png,ii,ix
215,data_11-whitespace-aug/val/ii/B-555.png,ii,ii
216,data_11-whitespace-aug/val/ii/B-576.png,ii,ii
217,data_11-whitespace-aug/val/ii/B-579.png,ii,ii
218,data_11-whitespace-aug/val/ii/B-567.png,ii,ii
219,data_11-whitespace-aug/val/ii/B-523.png,ii,i
220,data_11-whitespace-aug/val/ii/B-556.png,ii,iii
221,data_11-whitespace-aug/val/ii/B-506.png,ii,ii
222,data_11-whitespace-aug/val/ii/B-521.png,ii,ii
223,data_11-whitespace-aug/val/ii/B-565.png,ii,ii
224,data_11-whitespace-aug/val/ii/A-552.png,ii,i
225,data_11-whitespace-aug/val/ii/B-548.png,ii,ii
226,data_11-whitespace-aug/val/ii/B-554.png,ii,ii
227,data_11-whitespace-aug/val/ii/B-539.png,ii,ii
228,data_11-whitespace-aug/val/ii/B-540.png,ii,ii
229,data_11-whitespace-aug/val/ii/B-564.png,ii,ii
230,data_11-whitespace-aug/val/ii/B-536.png,ii,ii
231,data_11-whitespace-aug/val/ii/B-516.png,ii,ii
232,data_11-whitespace-aug/val/ii/B-557.png,ii,ii
233,data_11-whitespace-aug/val/ii/B-580.png,ii,ii
234,data_11-whitespace-aug/val/ii/B-568.png,ii,ii
235,data_11-whitespace-aug/val/ii/B-504.png,ii,ii
236,data_11-whitespace-aug/val/ii/B-563.png,ii,ii
237,data_11-whitespace-aug/val/ii/B-560.png,ii,ii
238,data_11-whitespace-aug/val/ii/B-518.png,ii,ii
239,data_11-whitespace-aug/val/ii/B-501.png,ii,ii
240,data_11-whitespace-aug/val/ii/B-552.png,ii,i
241,data_11-whitespace-aug/val/ii/B-561.png,ii,ii
242,data_11-whitespace-aug/val/iii/C-547.png,iii,iii
243,data_11-whitespace-aug/val/iii/C-557.png,iii,iii
244,data_11-whitespace-aug/val/iii/C-528.png,iii,iii
245,data_11-whitespace-aug/val/iii/C-562.png,iii,iii
246,data_11-whitespace-aug/val/iii/C-563.png,iii,vii
247,data_11-whitespace-aug/val/iii/C-516.png,iii,iii
248,data_11-whitespace-aug/val/iii/C-502.png,iii,iii
249,data_11-whitespace-aug/val/iii/C-515.png,iii,iii
250,data_11-whitespace-aug/val/iii/C-507.png,iii,iii
251,data_11-whitespace-aug/val/iii/C-565.png,iii,iv
252,data_11-whitespace-aug/val/iii/C-556.png,iii,iii
253,data_11-whitespace-aug/val/iii/C-537.png,iii,iii
254,data_11-whitespace-aug/val/iii/C-560.png,iii,iii
255,data_11-whitespace-aug/val/iii/C-552.png,iii,iii
256,data_11-whitespace-aug/val/iii/C-546.png,iii,iii
257,data_11-whitespace-aug/val/iii/C-510.png,iii,iii
258,data_11-whitespace-aug/val/iii/C-529.png,iii,iii
259,data_11-whitespace-aug/val/iii/C-536.png,iii,iii
260,data_11-whitespace-aug/val/iii/C-538.png,iii,iii
261,data_11-whitespace-aug/val/iii/C-577.png,iii,iii
262,data_11-whitespace-aug/val/iii/C-550.png,iii,iii
263,data_11-whitespace-aug/val/iii/C-501.png,iii,iii
264,data_11-whitespace-aug/val/iii/C-521.png,iii,iii
265,data_11-whitespace-aug/val/iii/C-508.png,iii,iii
266,data_11-whitespace-aug/val/iii/C-575.png,iii,iii
267,data_11-whitespace-aug/val/iii/C-570.png,iii,iii
268,data_11-whitespace-aug/val/iii/C-511.png,iii,iii
269,data_11-whitespace-aug/val/iii/C-545.png,iii,iii
270,data_11-whitespace-aug/val/iii/C-548.png,iii,iii
271,data_11-whitespace-aug/val/iii/C-518.png,iii,iii
272,data_11-whitespace-aug/val/iii/C-513.png,iii,iii
273,data_11-whitespace-aug/val/iii/C-567.png,iii,iii
274,data_11-whitespace-aug/val/iii/C-568.png,iii,iii
275,data_11-whitespace-aug/val/iii/C-520.png,iii,iii
276,data_11-whitespace-aug/val/iii/C-541.png,iii,iii
277,data_11-whitespace-aug/val/iii/C-512.png,iii,iii
278,data_11-whitespace-aug/val/iii/C-542.png,iii,iii
279,data_11-whitespace-aug/val/iii/C-505.png,iii,iii
280,data_11-whitespace-aug/val/iii/C-522.png,iii,iii
281,data_11-whitespace-aug/val/iii/C-569.png,iii,iii
282,data_11-whitespace-aug/val/iii/C-544.png,iii,iii
283,data_11-whitespace-aug/val/iii/C-551.png,iii,iii
284,data_11-whitespace-aug/val/iii/C-532.png,iii,iii
285,data_11-whitespace-aug/val/iii/C-576.png,iii,iii
286,data_11-whitespace-aug/val/iii/C-527.png,iii,iii
287,data_11-whitespace-aug/val/iii/C-554.png,iii,iii
288,data_11-whitespace-aug/val/iii/C-540.png,iii,iii
289,data_11-whitespace-aug/val/iii/C-564.png,iii,iii
290,data_11-whitespace-aug/val/iii/C-572.png,iii,iii
291,data_11-whitespace-aug/val/iii/C-543.png,iii,iii
292,data_11-whitespace-aug/val/iii/C-539.png,iii,iii
293,data_11-whitespace-aug/val/iii/C-555.png,iii,iii
294,data_11-whitespace-aug/val/iii/C-517.png,iii,iii
295,data_11-whitespace-aug/val/iii/D-578.png,iii,iii
296,data_11-whitespace-aug/val/iii/C-506.png,iii,iii
297,data_11-whitespace-aug/val/iii/C-549.png,iii,iii
298,data_11-whitespace-aug/val/iii/C-579.png,iii,iii
299,data_11-whitespace-aug/val/iii/C-559.png,iii,iii
300,data_11-whitespace-aug/val/iii/C-531.png,iii,iii
301,data_11-whitespace-aug/val/iii/C-558.png,iii,iii
302,data_11-whitespace-aug/val/iii/C-503.png,iii,iii
303,data_11-whitespace-aug/val/iii/C-519.png,iii,iii
304,data_11-whitespace-aug/val/iii/C-514.png,iii,iii
305,data_11-whitespace-aug/val/iii/C-561.png,iii,iii
306,data_11-whitespace-aug/val/iii/C-573.png,iii,iv
307,data_11-whitespace-aug/val/iii/C-509.png,iii,vii
308,data_11-whitespace-aug/val/iii/C-530.png,iii,iii
309,data_11-whitespace-aug/val/iii/C-566.png,iii,iii
310,data_11-whitespace-aug/val/iii/C-553.png,iii,iii
311,data_11-whitespace-aug/val/iii/C-534.png,iii,iii
312,data_11-whitespace-aug/val/iii/C-526.png,iii,iii
313,data_11-whitespace-aug/val/iii/C-578.png,iii,iv
314,data_11-whitespace-aug/val/iii/C-524.png,iii,iii
315,data_11-whitespace-aug/val/iii/C-525.png,iii,iii
316,data_11-whitespace-aug/val/iii/C-574.png,iii,iii
317,data_11-whitespace-aug/val/iii/C-504.png,iii,iii
318,data_11-whitespace-aug/val/iii/C-533.png,iii,iii
319,data_11-whitespace-aug/val/iii/F-547.png,iii,iii
320,data_11-whitespace-aug/val/iii/C-523.png,iii,iii
321,data_11-whitespace-aug/val/iii/C-571.png,iii,iii
322,data_11-whitespace-aug/val/vii/G-525.png,vii,vii
323,data_11-whitespace-aug/val/vii/G-544.png,vii,vii
324,data_11-whitespace-aug/val/vii/G-543.png,vii,vii
325,data_11-whitespace-aug/val/vii/G-514.png,vii,vii
326,data_11-whitespace-aug/val/vii/G-555.png,vii,vii
327,data_11-whitespace-aug/val/vii/G-518.png,vii,vii
328,data_11-whitespace-aug/val/vii/G-530.png,vii,vii
329,data_11-whitespace-aug/val/vii/G-576.png,vii,vii
330,data_11-whitespace-aug/val/vii/G-557.png,vii,vii
331,data_11-whitespace-aug/val/vii/G-523.png,vii,vii
332,data_11-whitespace-aug/val/vii/G-561.png,vii,vii
333,data_11-whitespace-aug/val/vii/G-549.png,vii,vii
334,data_11-whitespace-aug/val/vii/G-571.png,vii,vii
335,data_11-whitespace-aug/val/vii/G-533.png,vii,vii
336,data_11-whitespace-aug/val/vii/G-508.png,vii,vii
337,data_11-whitespace-aug/val/vii/G-541.png,vii,vii
338,data_11-whitespace-aug/val/vii/G-504.png,vii,vii
339,data_11-whitespace-aug/val/vii/G-540.png,vii,vii
340,data_11-whitespace-aug/val/vii/G-517.png,vii,vii
341,data_11-whitespace-aug/val/vii/G-547.png,vii,vii
342,data_11-whitespace-aug/val/vii/G-550.png,vii,vii
343,data_11-whitespace-aug/val/vii/G-511.png,vii,viii
344,data_11-whitespace-aug/val/vii/G-506.png,vii,vii
345,data_11-whitespace-aug/val/vii/G-559.png,vii,vii
346,data_11-whitespace-aug/val/vii/G-575.png,vii,vii
347,data_11-whitespace-aug/val/vii/G-501.png,vii,vii
348,data_11-whitespace-aug/val/vii/G-566.png,vii,viii
349,data_11-whitespace-aug/val/vii/G-507.png,vii,vii
350,data_11-whitespace-aug/val/vii/G-564.png,vii,vii
351,data_11-whitespace-aug/val/vii/G-554.png,vii,vii
352,data_11-whitespace-aug/val/vii/G-568.png,vii,vii
353,data_11-whitespace-aug/val/vii/G-569.png,vii,vi
354,data_11-whitespace-aug/val/vii/G-572.png,vii,vii
355,data_11-whitespace-aug/val/vii/G-560.png,vii,vii
356,data_11-whitespace-aug/val/vii/G-529.png,vii,iii
357,data_11-whitespace-aug/val/vii/G-556.png,vii,vii
358,data_11-whitespace-aug/val/vii/G-542.png,vii,vii
359,data_11-whitespace-aug/val/vii/G-516.png,vii,vii
360,data_11-whitespace-aug/val/vii/G-510.png,vii,vii
361,data_11-whitespace-aug/val/vii/G-502.png,vii,vii
362,data_11-whitespace-aug/val/vii/G-531.png,vii,vii
363,data_11-whitespace-aug/val/vii/G-505.png,vii,vii
364,data_11-whitespace-aug/val/vii/G-565.png,vii,vii
365,data_11-whitespace-aug/val/vii/G-567.png,vii,vi
366,data_11-whitespace-aug/val/vii/G-522.png,vii,vii
367,data_11-whitespace-aug/val/vii/G-538.png,vii,vii
368,data_11-whitespace-aug/val/vii/G-546.png,vii,ii
369,data_11-whitespace-aug/val/vii/G-537.png,vii,vii
370,data_11-whitespace-aug/val/vii/G-563.png,vii,vii
371,data_11-whitespace-aug/val/vii/G-535.png,vii,vii
372,data_11-whitespace-aug/val/vii/G-521.png,vii,vii
373,data_11-whitespace-aug/val/vii/G-570.png,vii,vii
374,data_11-whitespace-aug/val/vii/G-512.png,vii,vii
375,data_11-whitespace-aug/val/vii/G-539.png,vii,vii
376,data_11-whitespace-aug/val/vii/G-577.png,vii,vii
377,data_11-whitespace-aug/val/vii/G-524.png,vii,viii
378,data_11-whitespace-aug/val/vii/G-558.png,vii,viii
379,data_11-whitespace-aug/val/vii/G-534.png,vii,v
380,data_11-whitespace-aug/val/vii/G-532.png,vii,vii
381,data_11-whitespace-aug/val/vii/G-545.png,vii,vii
382,data_11-whitespace-aug/val/vii/G-552.png,vii,vii
383,data_11-whitespace-aug/val/vii/G-536.png,vii,vii
384,data_11-whitespace-aug/val/vii/G-551.png,vii,vii
385,data_11-whitespace-aug/val/vii/G-519.png,vii,vii
386,data_11-whitespace-aug/val/vii/G-562.png,vii,vii
387,data_11-whitespace-aug/val/vii/G-503.png,vii,vii
388,data_11-whitespace-aug/val/vii/G-527.png,vii,vii
389,data_11-whitespace-aug/val/vii/G-526.png,vii,vii
390,data_11-whitespace-aug/val/vii/G-573.png,vii,vi
391,data_11-whitespace-aug/val/vii/G-515.png,vii,vii
392,data_11-whitespace-aug/val/vii/G-553.png,vii,vii
393,data_11-whitespace-aug/val/vii/G-528.png,vii,viii
394,data_11-whitespace-aug/val/vii/G-509.png,vii,viii
395,data_11-whitespace-aug/val/vii/G-513.png,vii,vii
396,data_11-whitespace-aug/val/vii/G-520.png,vii,vii
397,data_11-whitespace-aug/val/vii/G-574.png,vii,vi
398,data_11-whitespace-aug/val/x/J-551.png,x,x
399,data_11-whitespace-aug/val/x/J-521.png,x,x
400,data_11-whitespace-aug/val/x/J-514.png,x,x
401,data_11-whitespace-aug/val/x/J-532.png,x,x
402,data_11-whitespace-aug/val/x/J-574.png,x,x
403,data_11-whitespace-aug/val/x/J-515.png,x,x
404,data_11-whitespace-aug/val/x/J-561.png,x,x
405,data_11-whitespace-aug/val/x/J-534.png,x,x
406,data_11-whitespace-aug/val/x/J-516.png,x,x
407,data_11-whitespace-aug/val/x/J-503.png,x,x
408,data_11-whitespace-aug/val/x/J-577.png,x,x
409,data_11-whitespace-aug/val/x/J-567.png,x,x
410,data_11-whitespace-aug/val/x/J-506.png,x,x
411,data_11-whitespace-aug/val/x/J-520.png,x,x
412,data_11-whitespace-aug/val/x/J-525.png,x,x
413,data_11-whitespace-aug/val/x/J-531.png,x,v
414,data_11-whitespace-aug/val/x/J-564.png,x,x
415,data_11-whitespace-aug/val/x/J-509.png,x,x
416,data_11-whitespace-aug/val/x/J-536.png,x,x
417,data_11-whitespace-aug/val/x/J-552.png,x,x
418,data_11-whitespace-aug/val/x/J-571.png,x,x
419,data_11-whitespace-aug/val/x/J-510.png,x,x
420,data_11-whitespace-aug/val/x/J-554.png,x,x
421,data_11-whitespace-aug/val/x/J-549.png,x,x
422,data_11-whitespace-aug/val/x/J-562.png,x,x
423,data_11-whitespace-aug/val/x/J-523.png,x,x
424,data_11-whitespace-aug/val/x/J-513.png,x,x
425,data_11-whitespace-aug/val/x/J-555.png,x,x
426,data_11-whitespace-aug/val/x/J-565.png,x,x
427,data_11-whitespace-aug/val/x/J-528.png,x,x
428,data_11-whitespace-aug/val/x/J-556.png,x,x
429,data_11-whitespace-aug/val/x/J-505.png,x,x
430,data_11-whitespace-aug/val/x/J-538.png,x,x
431,data_11-whitespace-aug/val/x/J-511.png,x,x
432,data_11-whitespace-aug/val/x/J-579.png,x,x
433,data_11-whitespace-aug/val/x/J-507.png,x,x
434,data_11-whitespace-aug/val/x/J-576.png,x,x
435,data_11-whitespace-aug/val/x/J-512.png,x,x
436,data_11-whitespace-aug/val/x/J-546.png,x,x
437,data_11-whitespace-aug/val/x/J-527.png,x,x
438,data_11-whitespace-aug/val/x/J-550.png,x,x
439,data_11-whitespace-aug/val/x/J-501.png,x,x
440,data_11-whitespace-aug/val/x/J-524.png,x,x
441,data_11-whitespace-aug/val/x/J-548.png,x,x
442,data_11-whitespace-aug/val/x/J-580.png,x,x
443,data_11-whitespace-aug/val/x/J-553.png,x,x
444,data_11-whitespace-aug/val/x/J-560.png,x,v
445,data_11-whitespace-aug/val/x/J-563.png,x,x
446,data_11-whitespace-aug/val/x/J-545.png,x,x
447,data_11-whitespace-aug/val/x/J-578.png,x,x
448,data_11-whitespace-aug/val/x/J-559.png,x,x
449,data_11-whitespace-aug/val/x/J-508.png,x,x
450,data_11-whitespace-aug/val/x/J-530.png,x,x
451,data_11-whitespace-aug/val/x/J-533.png,x,x
452,data_11-whitespace-aug/val/x/J-542.png,x,x
453,data_11-whitespace-aug/val/x/J-581.png,x,x
454,data_11-whitespace-aug/val/x/J-573.png,x,x
455,data_11-whitespace-aug/val/x/J-566.png,x,x
456,data_11-whitespace-aug/val/x/J-529.png,x,x
457,data_11-whitespace-aug/val/x/J-518.png,x,x
458,data_11-whitespace-aug/val/x/J-569.png,x,x
459,data_11-whitespace-aug/val/x/J-537.png,x,x
460,data_11-whitespace-aug/val/x/J-547.png,x,x
461,data_11-whitespace-aug/val/x/J-568.png,x,x
462,data_11-whitespace-aug/val/x/J-517.png,x,x
463,data_11-whitespace-aug/val/x/J-544.png,x,x
464,data_11-whitespace-aug/val/x/J-570.png,x,x
465,data_11-whitespace-aug/val/x/J-575.png,x,x
466,data_11-whitespace-aug/val/x/J-526.png,x,x
467,data_11-whitespace-aug/val/x/J-522.png,x,x
468,data_11-whitespace-aug/val/x/J-558.png,x,x
469,data_11-whitespace-aug/val/x/J-535.png,x,x
470,data_11-whitespace-aug/val/x/J-543.png,x,x
471,data_11-whitespace-aug/val/x/J-502.png,x,x
472,data_11-whitespace-aug/val/x/J-572.png,x,x
473,data_11-whitespace-aug/val/x/J-539.png,x,x
474,data_11-whitespace-aug/val/x/J-540.png,x,x
475,data_11-whitespace-aug/val/x/J-541.png,x,x
476,data_11-whitespace-aug/val/x/J-519.png,x,x
477,data_11-whitespace-aug/val/i/A-572.png,i,i
478,data_11-whitespace-aug/val/i/A-513.png,i,i
479,data_11-whitespace-aug/val/i/A-539.png,i,i
480,data_11-whitespace-aug/val/i/A-535.png,i,i
481,data_11-whitespace-aug/val/i/A-509.png,i,i
482,data_11-whitespace-aug/val/i/A-545.png,i,i
483,data_11-whitespace-aug/val/i/A-504.png,i,i
484,data_11-whitespace-aug/val/i/A-560.png,i,i
485,data_11-whitespace-aug/val/i/A-554.png,i,i
486,data_11-whitespace-aug/val/i/A-538.png,i,i
487,data_11-whitespace-aug/val/i/A-543.png,i,i
488,data_11-whitespace-aug/val/i/A-507.png,i,i
489,data_11-whitespace-aug/val/i/A-575.png,i,i
490,data_11-whitespace-aug/val/i/A-562.png,i,i
491,data_11-whitespace-aug/val/i/A-570.png,i,i
492,data_11-whitespace-aug/val/i/A-558.png,i,i
493,data_11-whitespace-aug/val/i/A-526.png,i,i
494,data_11-whitespace-aug/val/i/A-517.png,i,i
495,data_11-whitespace-aug/val/i/A-541.png,i,i
496,data_11-whitespace-aug/val/i/A-525.png,i,i
497,data_11-whitespace-aug/val/i/A-522.png,i,i
498,data_11-whitespace-aug/val/i/A-537.png,i,i
499,data_11-whitespace-aug/val/i/A-521.png,i,i
500,data_11-whitespace-aug/val/i/A-573.png,i,i
501,data_11-whitespace-aug/val/i/A-544.png,i,i
502,data_11-whitespace-aug/val/i/A-506.png,i,i
503,data_11-whitespace-aug/val/i/A-564.png,i,i
504,data_11-whitespace-aug/val/i/A-510.png,i,i
505,data_11-whitespace-aug/val/i/A-549.png,i,i
506,data_11-whitespace-aug/val/i/A-580.png,i,i
507,data_11-whitespace-aug/val/i/A-503.png,i,i
508,data_11-whitespace-aug/val/i/A-581.png,i,i
509,data_11-whitespace-aug/val/i/A-540.png,i,i
510,data_11-whitespace-aug/val/i/A-561.png,i,i
511,data_11-whitespace-aug/val/i/A-571.png,i,i
512,data_11-whitespace-aug/val/i/A-574.png,i,i
513,data_11-whitespace-aug/val/i/A-532.png,i,i
514,data_11-whitespace-aug/val/i/A-531.png,i,i
515,data_11-whitespace-aug/val/i/A-502.png,i,i
516,data_11-whitespace-aug/val/i/A-556.png,i,i
517,data_11-whitespace-aug/val/i/A-546.png,i,i
518,data_11-whitespace-aug/val/i/A-512.png,i,i
519,data_11-whitespace-aug/val/i/A-551.png,i,i
520,data_11-whitespace-aug/val/i/A-536.png,i,i
521,data_11-whitespace-aug/val/i/A-515.png,i,i
522,data_11-whitespace-aug/val/i/A-565.png,i,i
523,data_11-whitespace-aug/val/i/A-582.png,i,i
524,data_11-whitespace-aug/val/i/A-542.png,i,i
525,data_11-whitespace-aug/val/i/A-514.png,i,i
526,data_11-whitespace-aug/val/i/A-563.png,i,i
527,data_11-whitespace-aug/val/i/A-553.png,i,i
528,data_11-whitespace-aug/val/i/A-555.png,i,i
529,data_11-whitespace-aug/val/i/A-505.png,i,i
530,data_11-whitespace-aug/val/i/A-508.png,i,i
531,data_11-whitespace-aug/val/i/A-547.png,i,i
532,data_11-whitespace-aug/val/i/A-568.png,i,i
533,data_11-whitespace-aug/val/i/A-501.png,i,i
534,data_11-whitespace-aug/val/i/A-579.png,i,i
535,data_11-whitespace-aug/val/i/A-527.png,i,i
536,data_11-whitespace-aug/val/i/A-559.png,i,i
537,data_11-whitespace-aug/val/i/A-516.png,i,i
538,data_11-whitespace-aug/val/i/A-523.png,i,x
539,data_11-whitespace-aug/val/i/A-566.png,i,i
540,data_11-whitespace-aug/val/i/A-529.png,i,i
541,data_11-whitespace-aug/val/i/A-548.png,i,i
542,data_11-whitespace-aug/val/i/A-519.png,i,i
543,data_11-whitespace-aug/val/i/A-534.png,i,i
544,data_11-whitespace-aug/val/i/A-577.png,i,i
545,data_11-whitespace-aug/val/i/A-533.png,i,i
546,data_11-whitespace-aug/val/i/A-578.png,i,i
547,data_11-whitespace-aug/val/i/A-518.png,i,i
548,data_11-whitespace-aug/val/i/A-530.png,i,i
549,data_11-whitespace-aug/val/i/A-528.png,i,i
550,data_11-whitespace-aug/val/i/A-511.png,i,i
551,data_11-whitespace-aug/val/i/A-550.png,i,i
552,data_11-whitespace-aug/val/i/A-520.png,i,i
553,data_11-whitespace-aug/val/i/A-557.png,i,i
554,data_11-whitespace-aug/val/i/A-524.png,i,i
555,data_11-whitespace-aug/val/i/A-576.png,i,i
556,data_11-whitespace-aug/val/i/A-567.png,i,i
557,data_11-whitespace-aug/val/ix/I-522.png,ix,ix
558,data_11-whitespace-aug/val/ix/I-513.png,ix,ix
559,data_11-whitespace-aug/val/ix/I-566.png,ix,ix
560,data_11-whitespace-aug/val/ix/I-551.png,ix,ix
561,data_11-whitespace-aug/val/ix/I-509.png,ix,ix
562,data_11-whitespace-aug/val/ix/I-561.png,ix,iii
563,data_11-whitespace-aug/val/ix/I-519.png,ix,ii
564,data_11-whitespace-aug/val/ix/I-525.png,ix,ix
565,data_11-whitespace-aug/val/ix/I-536.png,ix,ix
566,data_11-whitespace-aug/val/ix/I-556.png,ix,ix
567,data_11-whitespace-aug/val/ix/I-505.png,ix,ix
568,data_11-whitespace-aug/val/ix/I-559.png,ix,ix
569,data_11-whitespace-aug/val/ix/I-510.png,ix,ix
570,data_11-whitespace-aug/val/ix/I-562.png,ix,ix
571,data_11-whitespace-aug/val/ix/I-570.png,ix,ix
572,data_11-whitespace-aug/val/ix/I-557.png,ix,ix
573,data_11-whitespace-aug/val/ix/I-548.png,ix,ix
574,data_11-whitespace-aug/val/ix/I-572.png,ix,ix
575,data_11-whitespace-aug/val/ix/I-518.png,ix,ix
576,data_11-whitespace-aug/val/ix/I-580.png,ix,ix
577,data_11-whitespace-aug/val/ix/I-571.png,ix,ix
578,data_11-whitespace-aug/val/ix/I-578.png,ix,iv
579,data_11-whitespace-aug/val/ix/I-545.png,ix,vi
580,data_11-whitespace-aug/val/ix/I-567.png,ix,ix
581,data_11-whitespace-aug/val/ix/I-555.png,ix,ix
582,data_11-whitespace-aug/val/ix/I-544.png,ix,ix
583,data_11-whitespace-aug/val/ix/I-526.png,ix,ix
584,data_11-whitespace-aug/val/ix/I-520.png,ix,ix
585,data_11-whitespace-aug/val/ix/I-547.png,ix,ix
586,data_11-whitespace-aug/val/ix/I-564.png,ix,ix
587,data_11-whitespace-aug/val/ix/I-574.png,ix,ix
588,data_11-whitespace-aug/val/ix/I-533.png,ix,ix
589,data_11-whitespace-aug/val/ix/I-558.png,ix,ix
590,data_11-whitespace-aug/val/ix/I-563.png,ix,iv
591,data_11-whitespace-aug/val/ix/I-554.png,ix,ix
592,data_11-whitespace-aug/val/ix/I-534.png,ix,ix
593,data_11-whitespace-aug/val/ix/I-549.png,ix,ix
594,data_11-whitespace-aug/val/ix/I-512.png,ix,ix
595,data_11-whitespace-aug/val/ix/I-531.png,ix,ix
596,data_11-whitespace-aug/val/ix/I-543.png,ix,ix
597,data_11-whitespace-aug/val/ix/I-511.png,ix,ix
598,data_11-whitespace-aug/val/ix/I-528.png,ix,iv
599,data_11-whitespace-aug/val/ix/I-539.png,ix,ix
600,data_11-whitespace-aug/val/ix/I-527.png,ix,ix
601,data_11-whitespace-aug/val/ix/I-546.png,ix,ix
602,data_11-whitespace-aug/val/ix/I-577.png,ix,ix
603,data_11-whitespace-aug/val/ix/I-576.png,ix,ix
604,data_11-whitespace-aug/val/ix/I-507.png,ix,ix
605,data_11-whitespace-aug/val/ix/I-541.png,ix,ix
606,data_11-whitespace-aug/val/ix/I-550.png,ix,ix
607,data_11-whitespace-aug/val/ix/I-530.png,ix,ii
608,data_11-whitespace-aug/val/ix/I-532.png,ix,ix
609,data_11-whitespace-aug/val/ix/I-529.png,ix,ix
610,data_11-whitespace-aug/val/ix/I-506.png,ix,ix
611,data_11-whitespace-aug/val/ix/I-568.png,ix,ix
612,data_11-whitespace-aug/val/ix/I-553.png,ix,ix
613,data_11-whitespace-aug/val/ix/I-565.png,ix,ix
614,data_11-whitespace-aug/val/ix/I-552.png,ix,ix
615,data_11-whitespace-aug/val/ix/I-523.png,ix,ix
616,data_11-whitespace-aug/val/ix/I-579.png,ix,ix
617,data_11-whitespace-aug/val/ix/I-538.png,ix,ix
618,data_11-whitespace-aug/val/ix/I-540.png,ix,ix
619,data_11-whitespace-aug/val/ix/I-524.png,ix,ix
620,data_11-whitespace-aug/val/ix/I-573.png,ix,ix
621,data_11-whitespace-aug/val/ix/I-503.png,ix,ix
622,data_11-whitespace-aug/val/ix/I-504.png,ix,ix
623,data_11-whitespace-aug/val/ix/I-516.png,ix,ix
624,data_11-whitespace-aug/val/ix/I-560.png,ix,ix
625,data_11-whitespace-aug/val/ix/I-535.png,ix,ix
626,data_11-whitespace-aug/val/ix/I-502.png,ix,ix
627,data_11-whitespace-aug/val/ix/I-521.png,ix,ix
628,data_11-whitespace-aug/val/ix/I-517.png,ix,iv
629,data_11-whitespace-aug/val/vi/F-519.png,vi,vi
630,data_11-whitespace-aug/val/vi/F-575.png,vi,vi
631,data_11-whitespace-aug/val/vi/F-557.png,vi,vi
632,data_11-whitespace-aug/val/vi/F-534.png,vi,vi
633,data_11-whitespace-aug/val/vi/F-540.png,vi,vi
634,data_11-whitespace-aug/val/vi/F-582.png,vi,vi
635,data_11-whitespace-aug/val/vi/F-511.png,vi,vi
636,data_11-whitespace-aug/val/vi/F-564.png,vi,vi
637,data_11-whitespace-aug/val/vi/F-566.png,vi,vi
638,data_11-whitespace-aug/val/vi/F-513.png,vi,vi
639,data_11-whitespace-aug/val/vi/F-514.png,vi,vi
640,data_11-whitespace-aug/val/vi/F-572.png,vi,vi
641,data_11-whitespace-aug/val/vi/F-539.png,vi,vi
642,data_11-whitespace-aug/val/vi/F-579.png,vi,vi
643,data_11-whitespace-aug/val/vi/F-512.png,vi,vi
644,data_11-whitespace-aug/val/vi/F-546.png,vi,vi
645,data_11-whitespace-aug/val/vi/F-529.png,vi,vi
646,data_11-whitespace-aug/val/vi/F-501.png,vi,vi
647,data_11-whitespace-aug/val/vi/F-525.png,vi,vi
648,data_11-whitespace-aug/val/vi/F-508.png,vi,vi
649,data_11-whitespace-aug/val/vi/F-556.png,vi,vi
650,data_11-whitespace-aug/val/vi/F-550.png,vi,vi
651,data_11-whitespace-aug/val/vi/F-569.png,vi,vi
652,data_11-whitespace-aug/val/vi/F-551.png,vi,vi
653,data_11-whitespace-aug/val/vi/F-524.png,vi,vi
654,data_11-whitespace-aug/val/vi/F-522.png,vi,vi
655,data_11-whitespace-aug/val/vi/F-568.png,vi,vi
656,data_11-whitespace-aug/val/vi/F-562.png,vi,vi
657,data_11-whitespace-aug/val/vi/F-537.png,vi,vi
658,data_11-whitespace-aug/val/vi/F-528.png,vi,vi
659,data_11-whitespace-aug/val/vi/F-532.png,vi,vi
660,data_11-whitespace-aug/val/vi/F-538.png,vi,vi
661,data_11-whitespace-aug/val/vi/F-555.png,vi,vi
662,data_11-whitespace-aug/val/vi/F-510.png,vi,vi
663,data_11-whitespace-aug/val/vi/F-570.png,vi,vi
664,data_11-whitespace-aug/val/vi/F-542.png,vi,vi
665,data_11-whitespace-aug/val/vi/F-515.png,vi,vi
666,data_11-whitespace-aug/val/vi/F-567.png,vi,vi
667,data_11-whitespace-aug/val/vi/F-549.png,vi,vi
668,data_11-whitespace-aug/val/vi/F-559.png,vi,vi
669,data_11-whitespace-aug/val/vi/F-560.png,vi,vi
670,data_11-whitespace-aug/val/vi/F-505.png,vi,iii
671,data_11-whitespace-aug/val/vi/F-581.png,vi,vi
672,data_11-whitespace-aug/val/vi/F-552.png,vi,vi
673,data_11-whitespace-aug/val/vi/F-507.png,vi,vi
674,data_11-whitespace-aug/val/vi/F-502.png,vi,vi
675,data_11-whitespace-aug/val/vi/F-576.png,vi,vi
676,data_11-whitespace-aug/val/vi/F-541.png,vi,vi
677,data_11-whitespace-aug/val/vi/F-521.png,vi,vi
678,data_11-whitespace-aug/val/vi/F-535.png,vi,vi
679,data_11-whitespace-aug/val/vi/F-503.png,vi,vi
680,data_11-whitespace-aug/val/vi/F-526.png,vi,vi
681,data_11-whitespace-aug/val/vi/F-509.png,vi,vi
682,data_11-whitespace-aug/val/vi/F-523.png,vi,vi
683,data_11-whitespace-aug/val/vi/F-548.png,vi,vi
684,data_11-whitespace-aug/val/vi/F-565.png,vi,vi
685,data_11-whitespace-aug/val/vi/F-531.png,vi,vi
686,data_11-whitespace-aug/val/vi/F-545.png,vi,vi
687,data_11-whitespace-aug/val/vi/F-517.png,vi,vi
688,data_11-whitespace-aug/val/vi/F-563.png,vi,vi
689,data_11-whitespace-aug/val/vi/F-536.png,vi,vi
690,data_11-whitespace-aug/val/vi/F-558.png,vi,vi
691,data_11-whitespace-aug/val/vi/F-527.png,vi,vi
692,data_11-whitespace-aug/val/vi/F-520.png,vi,vi
693,data_11-whitespace-aug/val/vi/F-516.png,vi,vi
694,data_11-whitespace-aug/val/vi/F-506.png,vi,vi
695,data_11-whitespace-aug/val/vi/F-504.png,vi,vi
696,data_11-whitespace-aug/val/vi/F-574.png,vi,vi
697,data_11-whitespace-aug/val/vi/F-530.png,vi,vii
698,data_11-whitespace-aug/val/vi/F-577.png,vi,vi
699,data_11-whitespace-aug/val/vi/F-554.png,vi,vi
700,data_11-whitespace-aug/val/vi/F-571.png,vi,vi
701,data_11-whitespace-aug/val/vi/F-544.png,vi,vi
702,data_11-whitespace-aug/val/vi/F-573.png,vi,vi
703,data_11-whitespace-aug/val/vi/F-580.png,vi,vi
704,data_11-whitespace-aug/val/vi/F-578.png,vi,vi
705,data_11-whitespace-aug/val/viii/H-512.png,viii,viii
706,data_11-whitespace-aug/val/viii/H-556.png,viii,viii
707,data_11-whitespace-aug/val/viii/H-531.png,viii,viii
708,data_11-whitespace-aug/val/viii/H-580.png,viii,viii
709,data_11-whitespace-aug/val/viii/H-571.png,viii,vii
710,data_11-whitespace-aug/val/viii/H-574.png,viii,viii
711,data_11-whitespace-aug/val/viii/H-552.png,viii,viii
712,data_11-whitespace-aug/val/viii/H-572.png,viii,viii
713,data_11-whitespace-aug/val/viii/H-566.png,viii,viii
714,data_11-whitespace-aug/val/viii/H-526.png,viii,vii
715,data_11-whitespace-aug/val/viii/H-530.png,viii,viii
716,data_11-whitespace-aug/val/viii/H-554.png,viii,viii
717,data_11-whitespace-aug/val/viii/H-559.png,viii,viii
718,data_11-whitespace-aug/val/viii/H-543.png,viii,viii
719,data_11-whitespace-aug/val/viii/H-507.png,viii,viii
720,data_11-whitespace-aug/val/viii/H-577.png,viii,viii
721,data_11-whitespace-aug/val/viii/H-534.png,viii,viii
722,data_11-whitespace-aug/val/viii/H-578.png,viii,viii
723,data_11-whitespace-aug/val/viii/H-528.png,viii,viii
724,data_11-whitespace-aug/val/viii/H-510.png,viii,viii
725,data_11-whitespace-aug/val/viii/H-545.png,viii,viii
726,data_11-whitespace-aug/val/viii/H-524.png,viii,viii
727,data_11-whitespace-aug/val/viii/H-547.png,viii,viii
728,data_11-whitespace-aug/val/viii/H-515.png,viii,viii
729,data_11-whitespace-aug/val/viii/H-555.png,viii,vii
730,data_11-whitespace-aug/val/viii/H-501.png,viii,viii
731,data_11-whitespace-aug/val/viii/H-523.png,viii,viii
732,data_11-whitespace-aug/val/viii/H-509.png,viii,vii
733,data_11-whitespace-aug/val/viii/H-553.png,viii,viii
734,data_11-whitespace-aug/val/viii/H-579.png,viii,viii
735,data_11-whitespace-aug/val/viii/H-548.png,viii,vii
736,data_11-whitespace-aug/val/viii/H-576.png,viii,vii
737,data_11-whitespace-aug/val/viii/H-504.png,viii,viii
738,data_11-whitespace-aug/val/viii/H-581.png,viii,viii
739,data_11-whitespace-aug/val/viii/H-558.png,viii,viii
740,data_11-whitespace-aug/val/viii/H-511.png,viii,viii
741,data_11-whitespace-aug/val/viii/H-505.png,viii,viii
742,data_11-whitespace-aug/val/viii/H-522.png,viii,viii
743,data_11-whitespace-aug/val/viii/H-535.png,viii,viii
744,data_11-whitespace-aug/val/viii/H-573.png,viii,viii
745,data_11-whitespace-aug/val/viii/H-538.png,viii,viii
746,data_11-whitespace-aug/val/viii/H-544.png,viii,viii
747,data_11-whitespace-aug/val/viii/H-532.png,viii,viii
748,data_11-whitespace-aug/val/viii/H-563.png,viii,viii
749,data_11-whitespace-aug/val/viii/H-536.png,viii,viii
750,data_11-whitespace-aug/val/viii/H-537.png,viii,viii
751,data_11-whitespace-aug/val/viii/H-575.png,viii,vii
752,data_11-whitespace-aug/val/viii/H-518.png,viii,viii
753,data_11-whitespace-aug/val/viii/H-527.png,viii,viii
754,data_11-whitespace-aug/val/viii/H-514.png,viii,vii
755,data_11-whitespace-aug/val/viii/H-533.png,viii,vii
756,data_11-whitespace-aug/val/viii/H-546.png,viii,viii
757,data_11-whitespace-aug/val/viii/H-519.png,viii,vii
758,data_11-whitespace-aug/val/viii/H-539.png,viii,viii
759,data_11-whitespace-aug/val/viii/H-561.png,viii,viii
760,data_11-whitespace-aug/val/viii/H-570.png,viii,viii
761,data_11-whitespace-aug/val/viii/H-506.png,viii,viii
762,data_11-whitespace-aug/val/viii/H-562.png,viii,viii
763,data_11-whitespace-aug/val/viii/H-569.png,viii,viii
764,data_11-whitespace-aug/val/viii/H-502.png,viii,viii
765,data_11-whitespace-aug/val/viii/H-560.png,viii,viii
766,data_11-whitespace-aug/val/viii/H-525.png,viii,viii
767,data_11-whitespace-aug/val/viii/H-521.png,viii,iii
768,data_11-whitespace-aug/val/viii/H-583.png,viii,viii
769,data_11-whitespace-aug/val/viii/H-567.png,viii,viii
770,data_11-whitespace-aug/val/viii/H-513.png,viii,viii
771,data_11-whitespace-aug/val/viii/H-564.png,viii,viii
772,data_11-whitespace-aug/val/viii/H-542.png,viii,iii
773,data_11-whitespace-aug/val/viii/H-549.png,viii,viii
774,data_11-whitespace-aug/val/viii/H-541.png,viii,viii
775,data_11-whitespace-aug/val/viii/H-517.png,viii,vii
776,data_11-whitespace-aug/val/viii/H-550.png,viii,viii
777,data_11-whitespace-aug/val/viii/H-520.png,viii,vii
778,data_11-whitespace-aug/val/viii/H-551.png,viii,vii
779,data_11-whitespace-aug/val/viii/H-540.png,viii,viii
780,data_11-whitespace-aug/val/viii/H-516.png,viii,viii
781,data_11-whitespace-aug/val/viii/H-565.png,viii,viii
782,data_11-whitespace-aug/val/viii/H-557.png,viii,viii
783,data_11-whitespace-aug/label_book/iv/a6d9760e-ce5d-11eb-b317-38f9d35ea60f.png,iv,iv
784,data_11-whitespace-aug/label_book/iv/a70f5af8-ce5d-11eb-b317-38f9d35ea60f.png,iv,iv
785,data_11-whitespace-aug/label_book/iv/a6c4469e-ce5d-11eb-b317-38f9d35ea60f.png,iv,iv
786,data_11-whitespace-aug/label_book/iv/a6f8c07c-ce5d-11eb-b317-38f9d35ea60f.png,iv,iv
787,data_11-whitespace-aug/label_book/iv/a7183a10-ce5d-11eb-b317-38f9d35ea60f.png,iv,i
788,data_11-whitespace-aug/label_book/v/a88a741c-ce5d-11eb-b317-38f9d35ea60f.png,v,ii
789,data_11-whitespace-aug/label_book/v/a8a5dcc0-ce5d-11eb-b317-38f9d35ea60f.png,v,v
790,data_11-whitespace-aug/label_book/v/a8d56ac6-ce5d-11eb-b317-38f9d35ea60f.png,v,v
791,data_11-whitespace-aug/label_book/v/a8e3ef7e-ce5d-11eb-b317-38f9d35ea60f.png,v,v
792,data_11-whitespace-aug/label_book/v/a8e27400-ce5d-11eb-b317-38f9d35ea60f.png,v,v
793,data_11-whitespace-aug/label_book/v/a91952ea-ce5d-11eb-b317-38f9d35ea60f.png,v,v
794,data_11-whitespace-aug/label_book/ii/a3b8f1fc-ce5d-11eb-b317-38f9d35ea60f.png,ii,iii
795,data_11-whitespace-aug/label_book/ii/a3ef6ed0-ce5d-11eb-b317-38f9d35ea60f.png,ii,ii
796,data_11-whitespace-aug/label_book/ii/a37502ee-ce5d-11eb-b317-38f9d35ea60f.png,ii,ii
797,data_11-whitespace-aug/label_book/ii/a3e33dcc-ce5d-11eb-b317-38f9d35ea60f.png,ii,ii
798,data_11-whitespace-aug/label_book/ii/a39e63f0-ce5d-11eb-b317-38f9d35ea60f.png,ii,ii
799,data_11-whitespace-aug/label_book/iii/aa864ee4-ce5d-11eb-b317-38f9d35ea60f.png,iii,iii
800,data_11-whitespace-aug/label_book/iii/aaa48d82-ce5d-11eb-b317-38f9d35ea60f.png,iii,iii
801,data_11-whitespace-aug/label_book/iii/aa48cf06-ce5d-11eb-b317-38f9d35ea60f.png,iii,iii
802,data_11-whitespace-aug/label_book/iii/aa5f808e-ce5d-11eb-b317-38f9d35ea60f.png,iii,iii
803,data_11-whitespace-aug/label_book/iii/aaa15680-ce5d-11eb-b317-38f9d35ea60f.png,iii,iii
804,data_11-whitespace-aug/label_book/iii/aa5a5a3c-ce5d-11eb-b317-38f9d35ea60f.png,iii,ii
805,data_11-whitespace-aug/label_book/vii/a55094e8-ce5d-11eb-b317-38f9d35ea60f.png,vii,viii
806,data_11-whitespace-aug/label_book/vii/a5ade382-ce5d-11eb-b317-38f9d35ea60f.png,vii,iii
807,data_11-whitespace-aug/label_book/vii/a51a40fa-ce5d-11eb-b317-38f9d35ea60f.png,vii,vii
808,data_11-whitespace-aug/label_book/vii/a59dc4d4-ce5d-11eb-b317-38f9d35ea60f.png,vii,vii
809,data_11-whitespace-aug/label_book/vii/a5aa79fe-ce5d-11eb-b317-38f9d35ea60f.png,vii,vii
810,data_11-whitespace-aug/label_book/x/a97df060-ce5d-11eb-b317-38f9d35ea60f.png,x,x
811,data_11-whitespace-aug/label_book/x/a9a4255a-ce5d-11eb-b317-38f9d35ea60f.png,x,x
812,data_11-whitespace-aug/label_book/x/a9e4f63e-ce5d-11eb-b317-38f9d35ea60f.png,x,x
813,data_11-whitespace-aug/label_book/x/a9d6228a-ce5d-11eb-b317-38f9d35ea60f.png,x,x
814,data_11-whitespace-aug/label_book/x/a9b14348-ce5d-11eb-b317-38f9d35ea60f.png,x,x
815,data_11-whitespace-aug/label_book/i/a4b1d326-ce5d-11eb-b317-38f9d35ea60f.png,i,v
816,data_11-whitespace-aug/label_book/i/a4bc3fdc-ce5d-11eb-b317-38f9d35ea60f.png,i,i
817,data_11-whitespace-aug/label_book/i/a4d082ee-ce5d-11eb-b317-38f9d35ea60f.png,i,i
818,data_11-whitespace-aug/label_book/i/a4c6f9c2-ce5d-11eb-b317-38f9d35ea60f.png,i,i
819,data_11-whitespace-aug/label_book/i/a4ec97cc-ce5d-11eb-b317-38f9d35ea60f.png,i,i
820,data_11-whitespace-aug/label_book/ix/a7ae10bc-ce5d-11eb-b317-38f9d35ea60f.png,ix,iv
821,data_11-whitespace-aug/label_book/ix/a7dae376-ce5d-11eb-b317-38f9d35ea60f.png,ix,ii
822,data_11-whitespace-aug/label_book/ix/a7967416-ce5d-11eb-b317-38f9d35ea60f.png,ix,i
823,data_11-whitespace-aug/label_book/ix/a821f1a8-ce5d-11eb-b317-38f9d35ea60f.png,ix,ix
824,data_11-whitespace-aug/label_book/ix/a7ad6766-ce5d-11eb-b317-38f9d35ea60f.png,ix,ix
825,data_11-whitespace-aug/label_book/vi/a3095b98-ce5d-11eb-b317-38f9d35ea60f.png,vi,vi
826,data_11-whitespace-aug/label_book/vi/a343231e-ce5d-11eb-b317-38f9d35ea60f.png,vi,vi
827,data_11-whitespace-aug/label_book/vi/a2f7b186-ce5d-11eb-b317-38f9d35ea60f.png,vi,i
828,data_11-whitespace-aug/label_book/vi/a2f8da20-ce5d-11eb-b317-38f9d35ea60f.png,vi,vi
829,data_11-whitespace-aug/label_book/vi/a35d6e72-ce5d-11eb-b317-38f9d35ea60f.png,vi,vi
830,data_11-whitespace-aug/label_book/viii/a626842c-ce5d-11eb-b317-38f9d35ea60f.png,viii,viii
831,data_11-whitespace-aug/label_book/viii/a5e9e2ec-ce5d-11eb-b317-38f9d35ea60f.png,viii,viii
832,data_11-whitespace-aug/label_book/viii/a64e3d3c-ce5d-11eb-b317-38f9d35ea60f.png,viii,viii
833,data_11-whitespace-aug/label_book/viii/a65c274e-ce5d-11eb-b317-38f9d35ea60f.png,viii,viii
834,data_11-whitespace-aug/label_book/viii/a624afee-ce5d-11eb-b317-38f9d35ea60f.png,viii,viii
